,entry_proc_U0,,status1.csv
,load_buf0_1_U0,,status2.csv
,load_buf1_1_U0,,status3.csv
,gemm_stage_0_1_U0,,status4.csv
,relu_stage_0_1_U0,,status5.csv
,store_res2_1_U0,,status6.csv
,AESL_inst_top,,module_status1.csv
load_buf0_1_U0,grp_load_buf0_1_Pipeline_l_S_load_buf0_load_buf0_l_0_l_load_buf0_l_1_fu_51,,module_status2.csv
load_buf1_1_U0,grp_load_buf1_1_Pipeline_l_S_load_buf1_load_buf1_l_0_l_load_buf1_l_1_fu_51,,module_status3.csv
store_res2_1_U0,grp_store_res2_1_Pipeline_l_S_store_res2_store_res2_l_0_l_store_res2_l_1_fu_54,,module_status4.csv
