load_buf0_1_U0.grp_load_buf0_1_Pipeline_l_S_load_buf0_load_buf0_l_0_l_load_buf0_l_1_fu_51,l_S_load_buf0_load_buf0_l_0_l_load_buf0_l_1,upc_loop_status1.csv
load_buf1_1_U0.grp_load_buf1_1_Pipeline_l_S_load_buf1_load_buf1_l_0_l_load_buf1_l_1_fu_51,l_S_load_buf1_load_buf1_l_0_l_load_buf1_l_1,upc_loop_status2.csv
load_buf2_1_U0.grp_load_buf2_1_Pipeline_l_S_load_buf2_load_buf2_l_0_l_load_buf2_l_1_fu_51,l_S_load_buf2_load_buf2_l_0_l_load_buf2_l_1,upc_loop_status3.csv
mm1_stage_0_1_U0,l_S_j_0_j,seq_loop_status1.csv
mm1_stage_0_1_U0.grp_mm1_stage_0_1_Pipeline_l_S_k_0_k_l_S_i_0_i_fu_53,l_S_k_0_k_l_S_i_0_i,upc_loop_status4.csv
mm1_stage_0_1_U0.grp_mm1_stage_0_1_Pipeline_VITIS_LOOP_40_2_fu_63,VITIS_LOOP_40_2,upc_loop_status5.csv
mm2_stage_0_1_U0,l_S_j_0_j1,seq_loop_status2.csv
mm2_stage_0_1_U0,l_S_j_2_j2,seq_loop_status3.csv
mm2_stage_0_1_U0.grp_mm2_stage_0_1_Pipeline_VITIS_LOOP_55_1_fu_66,VITIS_LOOP_55_1,upc_loop_status6.csv
mm2_stage_0_1_U0.grp_mm2_stage_0_1_Pipeline_l_S_i_0_i1_fu_73,l_S_i_0_i1,upc_loop_status7.csv
mm2_stage_0_1_U0.grp_mm2_stage_0_1_Pipeline_l_S_k_2_k1_l_S_i_2_i2_fu_85,l_S_k_2_k1_l_S_i_2_i2,upc_loop_status8.csv
mm2_stage_0_1_U0.grp_mm2_stage_0_1_Pipeline_l_S_i_4_i3_fu_94,l_S_i_4_i3,upc_loop_status9.csv
store_res3_1_U0.grp_store_res3_1_Pipeline_l_S_store_res3_store_res3_l_0_l_store_res3_l_1_fu_54,l_S_store_res3_store_res3_l_0_l_store_res3_l_1,upc_loop_status10.csv
